Model,Accuracy,AUC,Recall,Precision,F1,Kappa,MCC,TT (Sec)
Random Forest Classifier,0.9912280701754386,0.995970554743558,0.9912280701754386,0.9912221254926642,0.9910563683546356,0.9439781540302965,0.9448376237685442,20.20503067970276
Gradient Boosting Classifier,0.8798782670963122,0.9166940244768912,0.8798782670963122,0.9432558304752154,0.894900778589049,0.44360014268467174,0.4699017392504341,23.0283260345459
Support Vector Classifier,0.9733261725742929,0.9801499180161779,0.9733261725742929,0.97639435606881,0.9732821566106198,0.835403005688715,0.8361938210626287,188.78647589683533
