Model,Accuracy,AUC,Recall,Precision,F1,Kappa,MCC,TT (Sec)
Random Forest Classifier,0.9915861081274615,0.9959902128465855,0.9915861081274615,0.9915829466690679,0.9914239103472179,0.9463715592900853,0.9471444041030855,21.325556755065918
Gradient Boosting Classifier,0.8796992481203008,0.918315184877348,0.8796992481203008,0.9425670484596799,0.8939616200480449,0.4391298111403299,0.4644096514400815,22.317092657089233
Support Vector Classifier,0.9733261725742929,0.9802723685910838,0.9733261725742929,0.976468922907697,0.9733057110150369,0.8355612112749017,0.8363607387139058,188.37979865074158
