Model,Accuracy,AUC,Recall,Precision,F1,Kappa,MCC,TT (Sec)
Random Forest Classifier,0.991765127103473,0.995481488632639,0.991765127103473,0.991751056214547,0.9916006881151684,0.9474602387880988,0.9482743385747819,19.947479724884033
Gradient Boosting Classifier,0.8809523809523809,0.9167062370918624,0.8809523809523809,0.9420654649409567,0.8939084489625275,0.43885925596951003,0.462818217327374,22.78335928916931
Support Vector Classifier,0.9742212674543501,0.9807081235214812,0.9742212674543501,0.9769976281881154,0.9740850983270121,0.840311854678515,0.8410837514731933,198.4203758239746
