Model,Accuracy,AUC,Recall,Precision,F1,Kappa,MCC,TT (Sec)
Extra Trees Classifier,0.9875,0.9937620511855954,0.9875,0.9875583320396757,0.9870601819425714,0.9192407975712906,0.9210041360379028,26.746617317199707
Random Forest Classifier,0.98875,0.992074655961003,0.98875,0.9888426854300714,0.9883092622290193,0.9268729782803625,0.9290590154006528,21.8247971534729
Gradient Boosting Classifier,0.87875,0.9033337046000391,0.87875,0.9440456515266208,0.892577541869446,0.4178470660481164,0.43884805099837465,24.995343446731567
