Model,Accuracy,AUC,Recall,Precision,F1,Kappa,MCC,TT (Sec)
Gradient Boosting Classifier,0.8711349419124218,0.9141341735762029,0.8711349419124218,0.9439337479918601,0.886937551784732,0.4022236596138159,0.4289768016106825,9.49763822555542
Extra Trees Classifier,0.9780160857908847,0.9939275463243952,0.9780160857908847,0.9789956206213026,0.9779568464501307,0.8607860962696657,0.8611255887781645,12.196255207061768
Random Forest Classifier,0.9773011617515639,0.9914562388389726,0.9773011617515639,0.9787268802131976,0.9773472688740336,0.8566867226394499,0.8570573440811206,12.452465057373047
