Model,Accuracy,AUC,Recall,Precision,F1,Kappa,MCC,TT (Sec)
Gradient Boosting Classifier,0.8867992118932474,0.8990626870180146,0.8867992118932474,0.934631320464488,0.894506949198407,0.416268229127462,0.4290898778479156,23.643181562423706
Extra Trees Classifier,0.9826258284076661,0.9922624449799451,0.9826258284076661,0.9828336077520395,0.9823559834526896,0.889433039890599,0.8902971143387439,22.514877557754517
Random Forest Classifier,0.9828049435787212,0.9899839496009196,0.9828049435787212,0.982987812414154,0.9825241270051052,0.8904641063575282,0.8913686365322652,17.1315655708313
