Model,Accuracy,AUC,Recall,Precision,F1,Kappa,MCC,TT (Sec)
Extra Trees Classifier,0.9843974175035868,0.9933142452769264,0.9843974175035868,0.9845577635011635,0.9841152071246803,0.9068265397392936,0.9074058350712026,22.82821249961853
Random Forest Classifier,0.9845767575322812,0.9918902718683938,0.9845767575322812,0.9848684837963929,0.9843247979503673,0.9081529889696095,0.9086709384304004,20.923758506774902
Gradient Boosting Classifier,0.8685437589670014,0.9089239896473098,0.8685437589670014,0.9396707689183752,0.8820510803745164,0.41322764790339694,0.4371895853543938,15.655549764633179
