Model,Accuracy,AUC,Recall,Precision,F1,Kappa,MCC,TT (Sec)
Gradient Boosting Classifier,0.8572715804649487,0.908094747357128,0.8572715804649487,0.9425257271640962,0.8781412352368043,0.39273538853367995,0.4269163960960552,13.995338678359985
Extra Trees Classifier,0.98107767165255,0.9928537675516889,0.98107767165255,0.9816801485880835,0.9811252854363144,0.8849257229803713,0.8850586218466784,21.688132524490356
Random Forest Classifier,0.9816183096053342,0.9920423584114089,0.9816183096053342,0.9825148795272005,0.9817080754193769,0.8882127867248463,0.8883988958707457,19.745280981063843
